1; Martin
2; Bernard
3; Dubois
4; Thomas
5; Robert
6; Richard
7; Petit
8; Durand
9; Leroy
10; Moreau
11; Simon
12; Laurent
13; Lefebvre
14; Michel
15; Garcia
16; David
17; Roux
18; Bertrand
19; Girard
20; Morel
21; Fournier
22; Rousseau
23; Mercier
24; Dupont
25; Bonnet
26; Fontaine
27; Chevalier
28; Garnier
29; Morin
30; André
31; Dumont
32; Lecomte
33; Lacroix
34; Meunier
35; Noel
36; Marie
37; Henry
38; Renard
39; Brun
40; Roussel
41; Vincent
42; Joly
43; Gauthier
44; Lucas
45; Fabre
46; Martinez
47; Barbe
48; Caron
49; Perrin
50; Leclerc
51; Guerin
52; Chauvin
53; Guillaume
54; Maillard
55; Poirier
56; Huet
57; Roy
58; Robin
59; Payet
60; Le Gall
61; Dubois
62; Fernandez
63; Rolland
64; Guillaumin
65; Muller
66; Aubert
67; Marchand
68; Noel
69; Lebrun
70; Bernard
71; Philippe
72; Bourgeois
73; Roche
74; Giraud
75; Lejeune
76; Lemaire
77; Dubois
78; Renou
79; Adam
80; Mercier
81; Lucas
82; Benoit
83; Barre
84; Besnard
85; Julien
86; Grondin
87; Lebon
88; Thibault
89; Guyot
90; Le Roux
91; Dupuis
92; Guichard
93; Rolland
94; Loiseau
95; Leblanc
96; Lepage
97; Blanchard
98; Menard
99; Da Silva
100; Fischer
